{"cameraMode":{"drawMode":0,"name":"Shaded","section":"Shading Mode"},"sceneLighting":true,"audioPlay":false,"sceneViewState":{"showFog":true,"showMaterialUpdate":false,"showSkybox":true,"showFlares":true,"showImageEffects":true,"showParticleSystems":true},"in2DMode":false,"pivot":{"x":136.46070861816407,"y":95.11849975585938,"z":163.00216674804688},"rotation":{"x":-0.017687924206256868,"y":0.9778973460197449,"z":-0.09271804988384247,"w":-0.18656733632087708},"size":4.753771781921387,"orthographic":false}