{"cameraMode":{"drawMode":0,"name":"Shaded","section":"Shading Mode"},"sceneLighting":true,"audioPlay":false,"sceneViewState":{"showFog":true,"showMaterialUpdate":false,"showSkybox":true,"showFlares":true,"showImageEffects":true,"showParticleSystems":true},"in2DMode":false,"pivot":{"x":42.13832473754883,"y":2.9092495441436769,"z":42.8445930480957},"rotation":{"x":0.03913675248622894,"y":0.6409516334533691,"z":-0.03275385499000549,"w":0.7658827900886536},"size":0.7578163743019104,"orthographic":false}