{"cameraMode":{"drawMode":0,"name":"Shaded","section":"Shading Mode"},"sceneLighting":false,"audioPlay":false,"sceneViewState":{"showFog":true,"showMaterialUpdate":false,"showSkybox":true,"showFlares":true,"showImageEffects":true,"showParticleSystems":true},"in2DMode":false,"pivot":{"x":-0.30192914605140688,"y":-0.03960034251213074,"z":2.501086711883545},"rotation":{"x":-0.002089467365294695,"y":-0.9974647760391235,"z":0.06293915212154389,"w":-0.03314225748181343},"size":4.041658401489258,"orthographic":false}