{"cameraMode":{"drawMode":0,"name":"Shaded","section":"Shading Mode"},"sceneLighting":false,"audioPlay":false,"sceneViewState":{"showFog":true,"showMaterialUpdate":false,"showSkybox":true,"showFlares":true,"showImageEffects":true,"showParticleSystems":true},"in2DMode":false,"pivot":{"x":-2.384185791015625e-7,"y":1.5,"z":1.4999998807907105},"rotation":{"x":-0.0010485693346709014,"y":0.7151190042495728,"z":-0.0010731237707659603,"w":-0.6990011930465698},"size":7.01932430267334,"orthographic":false}