{"cameraMode":{"drawMode":0,"name":"Shaded","section":"Shading Mode"},"sceneLighting":true,"audioPlay":false,"sceneViewState":{"showFog":true,"showMaterialUpdate":false,"showSkybox":true,"showFlares":true,"showImageEffects":true,"showParticleSystems":true},"in2DMode":false,"pivot":{"x":91.81170654296875,"y":9.052152633666993,"z":45.96220397949219},"rotation":{"x":0.013302420265972615,"y":0.8960469365119934,"z":-0.026912903413176538,"w":0.44294315576553347},"size":22.0,"orthographic":false}