{"cameraMode":{"drawMode":0,"name":"Shaded","section":"Shading Mode"},"sceneLighting":false,"audioPlay":false,"sceneViewState":{"showFog":true,"showMaterialUpdate":false,"showSkybox":true,"showFlares":true,"showImageEffects":true,"showParticleSystems":true},"in2DMode":false,"pivot":{"x":0.0000011920928955078126,"y":1.5,"z":-1.4218759536743165},"rotation":{"x":-0.0937318354845047,"y":-0.20836037397384644,"z":0.020063981413841249,"w":-0.9733436703681946},"size":12.232494354248047,"orthographic":false}