{"cameraMode":{"drawMode":0,"name":"Shaded","section":"Shading Mode"},"sceneLighting":true,"audioPlay":false,"sceneViewState":{"showFog":true,"showMaterialUpdate":false,"showSkybox":true,"showFlares":true,"showImageEffects":true,"showParticleSystems":true},"in2DMode":false,"pivot":{"x":52.698326110839847,"y":11.360315322875977,"z":40.09584045410156},"rotation":{"x":-0.04836904630064964,"y":0.24093981087207795,"z":0.012019765563309193,"w":0.96925950050354},"size":2.106441020965576,"orthographic":false}