{"cameraMode":{"drawMode":0,"name":"Shaded","section":"Shading Mode"},"sceneLighting":true,"audioPlay":false,"sceneViewState":{"showFog":true,"showMaterialUpdate":false,"showSkybox":true,"showFlares":true,"showImageEffects":true,"showParticleSystems":true},"in2DMode":false,"pivot":{"x":-78.1628189086914,"y":-1.7399057149887086,"z":-59.17816925048828},"rotation":{"x":0.015415589325129986,"y":-0.8807454705238342,"z":0.028729096055030824,"w":0.4724664092063904},"size":236.3582763671875,"orthographic":false}