{"cameraMode":{"drawMode":0,"name":"Shaded","section":"Shading Mode"},"sceneLighting":true,"audioPlay":false,"sceneViewState":{"showFog":true,"showMaterialUpdate":false,"showSkybox":true,"showFlares":true,"showImageEffects":true,"showParticleSystems":true},"in2DMode":false,"pivot":{"x":-68.96692657470703,"y":-90.84817504882813,"z":275.1424560546875},"rotation":{"x":0.1732887625694275,"y":-0.24752728641033173,"z":0.04504508525133133,"w":0.9521933794021606},"size":264.677734375,"orthographic":false}