{"cameraMode":{"drawMode":0,"name":"Shaded","section":"Shading Mode"},"sceneLighting":true,"audioPlay":false,"sceneViewState":{"showFog":true,"showMaterialUpdate":false,"showSkybox":true,"showFlares":true,"showImageEffects":true,"showParticleSystems":true},"in2DMode":false,"pivot":{"x":41.283973693847659,"y":10.07078742980957,"z":44.930152893066409},"rotation":{"x":-0.0008564433082938194,"y":0.9985763430595398,"z":-0.05061250552535057,"w":-0.016822388395667077},"size":4.2064409255981449,"orthographic":false}