{"cameraMode":{"drawMode":0,"name":"Shaded","section":"Shading Mode"},"sceneLighting":true,"audioPlay":false,"sceneViewState":{"showFog":true,"showMaterialUpdate":false,"showSkybox":true,"showFlares":true,"showImageEffects":true,"showParticleSystems":true},"in2DMode":false,"pivot":{"x":25.314706802368165,"y":-8.145496368408204,"z":68.33480072021485},"rotation":{"x":-0.2279663234949112,"y":0.3895628750324249,"z":-0.10015024989843369,"w":-0.8867029547691345},"size":42.10453414916992,"orthographic":false}