{"cameraMode":{"drawMode":0,"name":"Shaded","section":"Shading Mode"},"sceneLighting":true,"audioPlay":false,"sceneViewState":{"showFog":true,"showMaterialUpdate":false,"showSkybox":true,"showFlares":true,"showImageEffects":true,"showParticleSystems":true},"in2DMode":false,"pivot":{"x":102.1050796508789,"y":16.089738845825197,"z":61.67594528198242},"rotation":{"x":0.06916972994804383,"y":-0.8186104893684387,"z":0.10089582204818726,"w":0.5611705780029297},"size":6.791834831237793,"orthographic":false}