{"cameraMode":{"drawMode":0,"name":"Shaded","section":"Shading Mode"},"sceneLighting":true,"audioPlay":false,"sceneViewState":{"showFog":true,"showMaterialUpdate":false,"showSkybox":true,"showFlares":true,"showImageEffects":true,"showParticleSystems":true},"in2DMode":false,"pivot":{"x":117.74502563476563,"y":1.960392951965332,"z":41.58778381347656},"rotation":{"x":-0.005810602568089962,"y":-0.9880199432373047,"z":0.1493455171585083,"w":-0.03845537081360817},"size":8.421554565429688,"orthographic":false}