{"cameraMode":{"drawMode":0,"name":"Shaded","section":"Shading Mode"},"sceneLighting":true,"audioPlay":false,"sceneViewState":{"showFog":true,"showMaterialUpdate":false,"showSkybox":true,"showFlares":true,"showImageEffects":true,"showParticleSystems":true},"in2DMode":false,"pivot":{"x":42.86119842529297,"y":1.7613749504089356,"z":34.64110565185547},"rotation":{"x":0.11509709805250168,"y":0.7095671892166138,"z":-0.11924806982278824,"w":0.6848700046539307},"size":6.832209587097168,"orthographic":false}