{"cameraMode":{"drawMode":0,"name":"Shaded","section":"Shading Mode"},"sceneLighting":true,"audioPlay":false,"sceneViewState":{"showFog":true,"showMaterialUpdate":false,"showSkybox":true,"showFlares":true,"showImageEffects":true,"showParticleSystems":true},"in2DMode":false,"pivot":{"x":30.57682991027832,"y":-3.4022321701049806,"z":38.29798126220703},"rotation":{"x":-0.1305815726518631,"y":0.6375349760055542,"z":-0.11082624644041062,"w":-0.7511426210403442},"size":15.648850440979004,"orthographic":false}