{"cameraMode":{"drawMode":0,"name":"Shaded","section":"Shading Mode"},"sceneLighting":true,"audioPlay":false,"sceneViewState":{"showFog":true,"showMaterialUpdate":false,"showSkybox":true,"showFlares":true,"showImageEffects":true,"showParticleSystems":true},"in2DMode":false,"pivot":{"x":101.84748840332031,"y":9.653215408325196,"z":28.728422164916993},"rotation":{"x":-0.008118164725601673,"y":0.9826098680496216,"z":-0.04426835849881172,"w":-0.1801452487707138},"size":9.856098175048829,"orthographic":false}