{"cameraMode":{"drawMode":0,"name":"Shaded","section":"Shading Mode"},"sceneLighting":true,"audioPlay":false,"sceneViewState":{"showFog":true,"showMaterialUpdate":false,"showSkybox":true,"showFlares":true,"showImageEffects":true,"showParticleSystems":true},"in2DMode":false,"pivot":{"x":44.72773361206055,"y":10.184441566467286,"z":19.371173858642579},"rotation":{"x":0.0000010516155271034223,"y":0.9945879578590393,"z":-0.00004017709943582304,"w":0.10389838367700577},"size":22.0,"orthographic":false}