{"cameraMode":{"drawMode":0,"name":"Shaded","section":"Shading Mode"},"sceneLighting":true,"audioPlay":false,"sceneViewState":{"showFog":true,"showMaterialUpdate":false,"showSkybox":true,"showFlares":true,"showImageEffects":true,"showParticleSystems":true},"in2DMode":false,"pivot":{"x":-32.987022399902347,"y":17.22416114807129,"z":-37.4864501953125},"rotation":{"x":0.026482585817575456,"y":0.9327509999275208,"z":0.07005409151315689,"w":-0.35265669226646426},"size":107.71009063720703,"orthographic":false}