{"cameraMode":{"drawMode":0,"name":"Shaded","section":"Shading Mode"},"sceneLighting":true,"audioPlay":false,"sceneViewState":{"showFog":true,"showMaterialUpdate":false,"showSkybox":true,"showFlares":true,"showImageEffects":true,"showParticleSystems":true},"in2DMode":false,"pivot":{"x":59.66498947143555,"y":1.0241048336029053,"z":34.44666290283203},"rotation":{"x":-0.001282352488487959,"y":0.7249451875686646,"z":0.001344260759651661,"w":0.6888040900230408},"size":3.606441020965576,"orthographic":false}