{"cameraMode":{"drawMode":0,"name":"Shaded","section":"Shading Mode"},"sceneLighting":true,"audioPlay":false,"sceneViewState":{"showFog":true,"showMaterialUpdate":false,"showSkybox":true,"showFlares":true,"showImageEffects":true,"showParticleSystems":true},"in2DMode":false,"pivot":{"x":3.1051864624023439,"y":-12.777714729309082,"z":-40.58483123779297},"rotation":{"x":-0.03662434220314026,"y":0.8966321349143982,"z":-0.07552754878997803,"w":-0.43474724888801577},"size":117.62210845947266,"orthographic":false}