{"cameraMode":{"drawMode":0,"name":"Shaded","section":"Shading Mode"},"sceneLighting":false,"audioPlay":false,"sceneViewState":{"showFog":true,"showMaterialUpdate":false,"showSkybox":true,"showFlares":true,"showImageEffects":true,"showParticleSystems":true},"in2DMode":false,"pivot":{"x":0.3125505745410919,"y":0.9375,"z":0.8124998807907105},"rotation":{"x":-0.14350362122058869,"y":-0.18505336344242097,"z":0.027329182252287866,"w":-0.9718102216720581},"size":4.221873760223389,"orthographic":false}