{"cameraMode":{"drawMode":0,"name":"Shaded","section":"Shading Mode"},"sceneLighting":true,"audioPlay":false,"sceneViewState":{"showFog":true,"showMaterialUpdate":false,"showSkybox":true,"showFlares":true,"showImageEffects":true,"showParticleSystems":true},"in2DMode":false,"pivot":{"x":140.79551696777345,"y":85.63105010986328,"z":172.8160400390625},"rotation":{"x":0.006719520781189203,"y":-0.9477506279945374,"z":0.31831294298171999,"w":0.020012488588690759},"size":17.973722457885743,"orthographic":false}