{"cameraMode":{"drawMode":0,"name":"Shaded","section":"Shading Mode"},"sceneLighting":true,"audioPlay":false,"sceneViewState":{"showFog":true,"showMaterialUpdate":false,"showSkybox":true,"showFlares":true,"showImageEffects":true,"showParticleSystems":true},"in2DMode":false,"pivot":{"x":164.96792602539063,"y":11.587250709533692,"z":-31.324655532836915},"rotation":{"x":-0.18036022782325746,"y":-0.0423041507601738,"z":0.007766513153910637,"w":-0.9826598167419434},"size":5.068539142608643,"orthographic":false}