{"cameraMode":{"drawMode":0,"name":"Shaded","section":"Shading Mode"},"sceneLighting":true,"audioPlay":false,"sceneViewState":{"showFog":true,"showMaterialUpdate":false,"showSkybox":true,"showFlares":true,"showImageEffects":true,"showParticleSystems":true},"in2DMode":false,"pivot":{"x":109.18528747558594,"y":-59.14089584350586,"z":-306.5581359863281},"rotation":{"x":0.0005230488022789359,"y":-0.9963268637657166,"z":0.08541443198919296,"w":0.006075598299503326},"size":375.3450622558594,"orthographic":false}