{"cameraMode":{"drawMode":0,"name":"Shaded","section":"Shading Mode"},"sceneLighting":false,"audioPlay":false,"sceneViewState":{"showFog":true,"showMaterialUpdate":false,"showSkybox":true,"showFlares":true,"showImageEffects":true,"showParticleSystems":true},"in2DMode":false,"pivot":{"x":1.4218748807907105,"y":1.5,"z":1.5781246423721314},"rotation":{"x":-0.014549425803124905,"y":-0.9271624684333801,"z":0.036191340535879138,"w":-0.37262362241744997},"size":8.873852729797364,"orthographic":false}