{"cameraMode":{"drawMode":0,"name":"Shaded","section":"Shading Mode"},"sceneLighting":true,"audioPlay":false,"sceneViewState":{"showFog":true,"showMaterialUpdate":false,"showSkybox":true,"showFlares":true,"showImageEffects":true,"showParticleSystems":true},"in2DMode":false,"pivot":{"x":77.71161651611328,"y":10.345934867858887,"z":56.17653274536133},"rotation":{"x":-0.013560766354203225,"y":-0.9795420169830322,"z":0.07069674134254456,"w":-0.18792417645454408},"size":3.0064408779144289,"orthographic":false}