{"cameraMode":{"drawMode":0,"name":"Shaded","section":"Shading Mode"},"sceneLighting":false,"audioPlay":false,"sceneViewState":{"showFog":true,"showMaterialUpdate":false,"showSkybox":true,"showFlares":true,"showImageEffects":true,"showParticleSystems":true},"in2DMode":false,"pivot":{"x":1.9845426082611085,"y":1.8536255359649659,"z":3.1565680503845217},"rotation":{"x":-0.026929406449198724,"y":0.17547544836997987,"z":0.004798003006726503,"w":0.9841037392616272},"size":6.389434337615967,"orthographic":false}