{"cameraMode":{"drawMode":0,"name":"Shaded","section":"Shading Mode"},"sceneLighting":true,"audioPlay":false,"sceneViewState":{"showFog":true,"showMaterialUpdate":false,"showSkybox":true,"showFlares":true,"showImageEffects":true,"showParticleSystems":true},"in2DMode":false,"pivot":{"x":59.63187026977539,"y":9.817889213562012,"z":58.77961349487305},"rotation":{"x":-0.016213906928896905,"y":-0.9674683213233948,"z":0.06424672901630402,"w":-0.24416078627109528},"size":10.0,"orthographic":false}